Gde_Nr,Bevölkerung,Arbeitsplätze
1,1977,310.3
10,5131,854.1
100,2227,374.4
1001,767,126.9
1002,3367,1160.3000000000002
1004,1937,627.5999999999999
1005,1746,611.8
1007,667,172.7
1008,4188,1687.0
1009,2040,1350.9
101,3464,590.2
1010,4358,1631.6000000000001
102,1483,213.8
1021,1141,398.70000000000005
1022,411,114.80000000000001
1023,2794,662.5999999999999
1024,30228,12558.7
1025,955,291.4
1026,3684,1156.2
1030,5190,2051.3
1031,9814,3948.5
1032,2531,786.4
1033,2429,879.0
1037,2659,575.9
1039,1763,431.70000000000005
1040,7430,4057.3
1041,1020,267.2
1051,5352,1143.8
1052,6192,1898.1
1053,1481,1706.5
1054,13313,5288.5
1055,1287,359.0
1056,1052,96.5
1057,363,111.0
1058,13884,3642.4
1059,27110,8976.6
1061,81592,59965.1
1062,7108,2755.9
1063,7002,1603.1000000000001
1064,1371,324.0
1065,4754,3655.5
1066,1719,309.6
1067,2285,289.1
1068,1339,462.5
1069,4381,1655.9
1081,6517,1963.0
1082,2357,913.6000000000001
1083,3248,1311.1
1084,1658,424.0
1085,2906,709.8
1086,3162,994.7
1088,2214,413.5
1089,2154,543.9
1091,1414,215.0
1093,6957,1904.6
1094,3728,1775.6
1095,4636,2141.0
1097,3248,998.9
1098,6908,2339.1000000000004
1099,2816,810.5
11,2591,482.9
1100,840,121.0
1102,4106,1471.3000000000002
1103,9621,10339.4
1104,4587,2677.0
1107,4299,1814.0
111,5060,1111.2
112,7115,2540.1
1121,648,154.10000000000002
1122,1013,426.4
1123,1548,2284.2
1125,5287,2789.3999999999996
1126,395,154.1
1127,1439,446.0
1128,2718,667.1
1129,699,129.5
113,7530,1231.1
1130,1120,494.3
1131,838,278.4
1132,1890,536.4000000000001
1135,1281,456.5
1136,2897,1177.4
1137,2600,897.6
1139,2653,1198.1
114,2480,512.4
1140,7008,2988.1
1142,682,201.2
1143,4272,1303.7
1145,891,227.7
1146,2130,532.1
1147,1506,694.7
115,9827,1952.6
1150,2025,1189.4
1151,7777,3461.7
116,3401,1393.4
117,11095,5743.0
118,12086,3527.9000000000005
119,1443,372.1
12,1078,170.2
120,9645,2570.4
1201,9211,5126.5
1202,1355,913.7
1203,1650,281.1
1204,164,23.7
1205,4021,1380.4
1206,3765,1139.6
1207,2002,690.3
1208,450,149.6
1209,563,161.89999999999998
121,24640,10114.6
1210,188,22.8
1211,503,104.7
1212,145,38.0
1213,5248,2176.6
1214,1794,461.9
1215,683,160.0
1216,2045,293.7
1217,373,55.5
1218,834,168.3
1219,710,108.9
1220,441,169.7
13,3646,601.1
1301,15361,4882.8
131,18742,6878.400000000001
1311,2260,436.9
1321,5237,2787.4
1322,16196,11186.2
1323,7102,3194.9
1331,12512,5560.1
134,900,156.4
1341,6907,2913.2
1342,5199,942.1
1343,193,33.6
1344,8599,3973.3
1345,3566,935.8
1346,9073,2205.1
1347,3239,1175.0
1348,1016,173.9
1349,4989,1291.8
135,8380,3071.7
136,7502,1078.9
1361,612,111.4
1362,11735,2956.0
1363,794,130.9
1364,8758,2532.2
1365,1067,112.5
1366,1107,530.5999999999999
1367,3543,1067.1
1368,885,251.7
1369,88,30.2
137,5035,687.1
1370,2375,594.5
1371,1926,364.79999999999995
1372,14885,9599.7
1373,3358,880.1
1374,916,258.29999999999995
1375,2365,594.4
138,13352,3208.4
139,5744,2496.4
14,5123,929.6
140,1849,422.70000000000005
1401,5997,2456.7
1402,4134,1854.1999999999998
1403,3631,1012.0
1404,6194,1865.6
1405,2129,884.0
1406,5060,2623.5
1407,10233,6266.5
141,17789,4678.7
142,21797,6706.1
1501,3567,809.0
1502,5389,1424.3000000000002
1503,1832,578.2
1504,1384,243.1
1505,4567,1163.0
1506,2108,573.2
1507,5682,2268.0
1508,3135,1068.8
1509,8333,7806.800000000001
151,5517,1503.5
1510,4423,1374.4
1511,2136,614.3
152,6300,986.6
153,8620,2090.8
154,14192,4844.0
155,10830,3953.4
156,13762,4509.6
157,4743,1550.2
158,14291,4747.0
159,6076,1204.4
160,5158,1241.9
161,12791,4569.799999999999
1630,18057,6919.0
1631,9575,3737.6000000000004
1632,12515,6441.6
1701,24129,19237.8
1702,16216,7854.7
1703,8827,5212.700000000001
1704,4467,1215.0
1705,2219,716.8
1706,5994,1309.3
1707,10355,9465.0
1708,9735,6740.5
1709,8576,2458.8
1710,3626,810.5999999999999
1711,29804,32414.9
172,6361,3119.9000000000005
173,3604,553.4
176,5489,2021.4
177,11774,4030.5
178,4361,930.4000000000001
180,3278,622.6
181,1947,455.8
182,985,167.1
191,27689,16209.2
192,8405,1912.6999999999998
193,8417,2369.0
194,5381,1420.9
195,10067,1587.8999999999999
196,3701,1039.8
197,5069,2358.7
198,34319,12676.3
199,18582,8859.2
2,11900,4908.3
200,7860,4523.0
2008,459,19.0
2009,388,50.800000000000004
2011,1690,274.3
2016,978,239.8
2022,1033,186.0
2025,1163,202.5
2027,410,77.30000000000001
2029,2404,341.7
2035,407,86.7
2038,69,4.6
2041,1706,322.1
2043,278,347.8
2044,712,105.6
2045,412,38.9
2050,1423,247.6
2051,1086,130.6
2053,5402,2084.8
2054,9434,3384.0
2055,2222,231.9
2061,282,43.5
2063,729,288.4
2066,277,18.9
2067,385,79.6
2068,823,100.0
2072,332,56.8
2079,185,36.4
2086,510,59.099999999999994
2087,998,175.7
2089,389,20.9
2096,5204,2989.7
2097,1500,153.1
2099,2214,424.29999999999995
21,666,93.9
2102,3030,764.9
211,658,90.5
2111,1285,347.0
2113,2271,478.79999999999995
2114,1347,279.0
2115,896,91.8
2116,971,133.4
2121,1541,270.8
2122,1801,281.5
2123,569,133.5
2124,2632,848.9000000000001
2125,22523,11607.1
2128,276,13.1
2129,857,121.4
213,2030,252.1
2130,333,9.1
2131,802,81.69999999999999
2134,812,147.1
2135,2194,873.7
2137,663,67.30000000000001
2138,671,162.70000000000002
214,999,188.39999999999998
2140,1871,733.1
2143,587,75.4
2145,1168,175.9
2147,584,89.7
2148,2496,907.5
2149,1644,460.5
215,781,94.0
2152,1446,605.6
2153,1082,252.8
2155,1045,472.7
216,1534,259.1
2160,2296,851.5
2162,1324,570.8
2163,2435,821.9
2171,913,77.3
2173,792,77.89999999999999
2174,1864,1077.5
2175,3348,475.79999999999995
2177,844,170.9
218,891,451.1
2183,2454,794.0
2185,409,49.5
2186,1473,297.3
2189,1117,160.2
219,3558,1069.0
2194,277,57.7
2196,38829,23411.1
2197,3178,3865.9
2198,3606,3216.6
22,857,181.0
220,1095,187.5
2200,1945,721.0
2206,8185,1822.1999999999998
2208,1533,1205.5
221,3168,510.79999999999995
2211,2587,176.0
2213,652,117.0
2216,148,30.5
2217,723,86.7
2220,3156,650.9000000000001
2221,1043,134.8
2225,157,4.7
2226,1449,331.6
2228,12128,7495.400000000001
223,5564,1198.3
2230,79,9.5
2233,2431,863.9
2234,1983,160.8
2235,1092,170.5
2236,7236,2178.6
224,3769,1163.7
225,2701,331.4
2250,1408,465.4
2254,5398,2192.8999999999996
2257,942,637.1
2258,461,73.69999999999999
2259,672,100.69999999999999
226,745,86.9
2260,297,72.0
2261,175,29.900000000000002
2262,4181,583.7
2265,4911,1939.6000000000001
2266,641,91.5
227,7265,2173.5
2271,580,240.4
2272,1909,276.9
2274,953,358.6
2275,8168,3499.7000000000003
2276,1159,613.1
2278,424,97.4
228,4681,1162.9
2284,3556,912.1
2291,2037,403.2
2292,648,63.800000000000004
2293,7825,3073.2
2294,1561,288.6
2295,3412,782.1
2296,1365,193.8
2299,3566,1152.8000000000002
23,567,92.19999999999999
230,109775,53857.6
2300,1040,108.1
2301,1068,132.39999999999998
2302,2044,369.6
2303,986,112.2
2304,1319,285.79999999999995
2305,4072,1161.2
2306,3330,1245.3
2307,1323,287.7
2308,2343,312.3
2309,5470,1847.6
231,5756,1128.8
2321,3353,534.8
2323,1475,304.9
2325,6528,2893.7
2328,847,161.60000000000002
2333,1086,181.8
2335,1015,150.4
2336,1435,329.7
2337,1186,130.0
2338,1158,200.3
24,957,136.6
2401,3527,2959.7000000000003
2402,1554,2746.1
2403,1795,479.2
2404,2089,1741.0
2405,1142,524.4
2406,2173,536.6
2407,6263,4299.2
2408,2144,516.4000000000001
241,1275,261.0
242,6313,1857.5
2421,556,135.3
2422,6099,1978.4
2423,91,24.1
2424,541,85.7
2425,664,163.5
2426,1729,319.8
2427,1323,287.3
2428,2456,550.0
2429,1082,174.3
243,27076,14507.400000000001
244,4958,1527.0
2445,340,56.7
245,6611,801.7
2455,783,107.5
2456,327,102.5
2457,1484,288.70000000000005
246,2451,195.1
2461,1082,237.3
2463,207,50.9
2464,1062,378.70000000000005
2465,2532,610.2
247,18749,14582.2
2471,1195,423.6
2472,1008,105.10000000000001
2473,6611,2313.6
2474,884,266.9
2475,1308,151.0
2476,3183,402.3
2477,934,178.4
2478,1503,129.4
2479,1313,102.8
248,4155,702.5
2480,1017,193.29999999999998
2481,1486,363.3
249,3758,739.1
2491,309,48.0
2492,527,70.9
2493,3942,667.0
2495,3831,960.3
2497,2199,364.2
2498,95,12.3
2499,1062,137.9
25,1998,264.3
250,9657,4990.8
2500,6553,1313.4
2501,1827,184.8
2502,403,53.0
2503,3447,558.9
251,4770,1163.0
2511,1213,165.2
2513,8370,2451.1
2514,590,37.8
2516,2224,629.6
2517,6437,1470.6
2518,825,343.5
2519,5065,1232.6999999999998
2520,873,79.19999999999999
2523,870,166.1
2525,1282,288.2
2526,2772,760.5
2527,3506,857.1
2528,1137,431.70000000000005
2529,833,56.7
2530,1932,255.1
2532,3102,1425.4
2534,8842,4413.799999999999
2535,731,45.900000000000006
2541,203,63.1
2542,5239,1878.6999999999998
2543,4905,1845.3
2544,982,221.2
2545,964,275.2
2546,16985,8932.900000000001
2547,1181,138.0
2548,742,66.5
2549,30,5.3
2550,3732,923.8
2551,1501,105.69999999999999
2553,1685,258.0
2554,2296,291.1
2555,1491,203.5
2556,3397,1444.5
2571,770,135.89999999999998
2572,2776,2256.0
2573,4910,1103.7
2574,325,250.0
2575,1742,591.9
2576,2703,571.9000000000001
2578,1659,697.2
2579,4949,2600.8
2580,3157,401.1
2581,18166,16709.7
2582,904,590.0
2583,4948,1714.3
2584,1706,174.9
2585,696,117.5
2586,5087,1991.6
26,629,107.2
2601,16697,15367.5
261,402762,365014.0
2611,817,90.8
2612,246,91.30000000000001
2613,3849,1353.2
2614,2251,511.90000000000003
2615,906,397.70000000000005
2616,594,51.400000000000006
2617,491,23.3
2618,926,71.9
2619,1255,347.40000000000003
2620,663,79.80000000000001
2621,1878,521.9
2622,651,95.5
27,3596,787.6999999999999
2701,171017,147497.6
2702,1158,356.1
2703,20895,3508.1000000000004
2761,10184,4683.6
2762,20695,8643.4
2763,9287,4886.8
2764,3408,793.2
2765,15391,4435.1
2766,10469,3554.8
2767,6528,1150.1
2768,5041,1007.3
2769,12119,8883.4
2770,17723,10895.6
2771,11245,2845.7000000000003
2772,2363,249.0
2773,19021,9795.9
2774,1391,268.3
2775,10008,2239.6
2781,694,58.599999999999994
2782,1638,257.2
2783,261,19.6
2784,740,198.2
2785,1540,503.29999999999995
2786,1850,237.2
2787,5535,3014.1
2788,1131,553.8
2789,430,59.4
2790,281,36.0
2791,1831,180.7
2792,1421,112.80000000000001
2793,2274,845.3
28,1362,513.3
2821,1657,423.2
2822,1001,679.3
2823,4401,2232.5
2824,6507,1754.4
2825,4404,1597.1
2826,1039,136.89999999999998
2827,330,19.4
2828,5054,1355.3
2829,14148,12562.900000000001
2830,1405,104.2
2831,16153,11567.5
2832,712,69.2
2833,1306,163.5
2834,1542,342.7
2841,581,64.6
2842,799,397.2
2843,696,185.1
2844,999,158.10000000000002
2845,746,127.0
2846,6013,1709.8
2847,253,79.7
2848,260,41.2
2849,2096,729.7
2850,523,30.8
2851,157,8.899999999999999
2852,1314,309.79999999999995
2853,944,167.4
2854,257,52.0
2855,486,86.6
2856,2176,624.4000000000001
2857,601,53.3
2858,767,109.5
2859,388,112.30000000000001
2860,777,91.3
2861,6733,3195.8
2862,858,108.5
2863,934,309.29999999999995
2864,1419,247.89999999999998
2865,709,120.19999999999999
2866,609,96.5
2867,421,85.6
2868,485,68.2
2869,2498,405.8
2881,561,60.0
2882,641,141.39999999999998
2883,775,94.0
2884,1623,278.0
2885,520,289.1
2886,2457,702.7
2887,503,35.3
2888,955,240.79999999999998
2889,333,59.8
2890,166,76.9
2891,1825,724.3
2892,2430,700.5
2893,1591,359.4
2894,408,63.10000000000001
2895,1179,305.9
29,1434,287.2
2901,828,141.4
2903,1444,198.7
2904,2131,662.0
2914,360,46.4
2915,982,166.9
2917,765,95.1
2919,1348,115.7
2920,5422,2145.2
2931,302,60.8
2932,4656,1975.1000000000001
2933,823,137.8
2936,859,142.29999999999998
2937,10407,4585.8
2938,749,150.2
2939,36148,20484.5
2951,476,73.1
2952,1675,516.7
2953,847,116.80000000000001
296,16796,5187.1
2961,313,39.7
2962,472,75.6
2963,1443,600.9
2964,3421,1283.8
297,4909,1377.8
2971,2118,673.0
2972,446,92.70000000000002
2973,603,171.1
2974,1731,611.7
298,6296,946.5
3,5435,668.6
30,2224,1142.1
3001,15730,7711.9
3002,956,363.4
3003,516,110.3
3004,1565,351.29999999999995
3005,1418,327.70000000000005
3006,2271,780.8
3007,1767,823.9
301,4527,2063.1
302,1004,304.59999999999997
3021,1746,503.30000000000007
3022,3106,912.8
3023,4227,996.4
3024,6201,1991.5
3025,1750,658.9
303,3005,468.6
3031,1040,208.60000000000002
3032,4210,2254.0
3033,1243,198.9
3034,1773,367.0
3035,699,150.10000000000002
3036,864,216.1
3037,2034,883.6
3038,1838,541.2
304,1910,658.6
305,1475,469.2
306,14706,6471.6
307,2465,344.20000000000005
309,1240,163.7
31,2242,421.70000000000005
310,2608,681.5
3101,5825,3621.4
3102,1434,541.4
3103,3543,967.5999999999999
3104,1102,255.2
3105,2193,769.8
311,3719,889.0999999999999
3111,1906,572.8000000000001
312,3097,908.5999999999999
32,496,86.80000000000001
3201,1310,224.6
3202,1208,305.6
3203,75481,61958.600000000006
3204,9779,2919.6
321,4518,1141.0
3211,843,111.69999999999999
3212,2293,265.20000000000005
3213,9052,3610.1000000000004
3214,3569,904.4
3215,9408,4044.5
3216,7090,1352.8
3217,3568,1584.1999999999998
3218,1418,673.0
3219,1060,190.5
322,450,96.3
323,690,118.7
3231,7541,3985.7
3232,4598,3394.5
3233,3956,1718.2
3234,6456,2603.8
3235,3452,1271.6999999999998
3236,5841,2645.3
3237,6396,3779.8999999999996
3238,9490,3938.5
324,695,518.1
325,185,29.3
3251,11438,5720.6
3252,1537,203.3
3253,2095,541.0999999999999
3254,8811,4115.3
3255,4480,1211.1
3256,2305,945.3
326,733,156.5
3271,12531,6236.3
3272,3339,886.4
3273,6884,2641.8
3274,5455,3228.7000000000003
3275,4999,2113.8
3276,5237,1543.9
329,15501,9819.4
3291,5874,2566.7
3292,4919,1909.1999999999998
3293,8605,2640.5
3294,1572,928.5999999999999
3295,2873,776.3
3296,6063,2944.8
3297,4738,1290.6999999999998
3298,5590,1670.2
33,2067,819.5
331,2557,675.8
3311,1793,339.5
3312,2916,898.3000000000001
3313,4791,1299.9
3315,3758,1027.8
3316,1635,354.40000000000003
332,3239,902.0
333,1531,513.5
3338,3738,1326.6999999999998
3339,6340,2830.2
334,414,60.699999999999996
3340,26962,12917.9
3341,5053,974.5
3342,9245,3104.2
335,240,72.8
3352,5034,1702.8000000000002
3359,2667,1045.1
336,185,38.1
3360,3611,1337.4
337,3996,1174.4
3372,914,235.3
3374,1907,503.2
3375,1296,343.1
3378,4014,1094.1999999999998
3379,8630,3642.1
338,1436,422.6
339,397,90.2
3392,8977,4154.3
3393,1541,508.6
3394,2890,782.9
3395,4734,1727.8000000000002
34,1650,341.0
340,568,60.0
3401,3986,1385.8
3402,10505,3535.2
3405,3788,1628.0
3407,6423,1677.9
3408,12816,5640.6
341,506,76.0
342,3338,1277.3
3422,1530,491.3
3423,3069,672.3
3424,4358,2418.0
3426,4816,1493.0
3427,23751,11821.8
344,903,313.5
3441,1909,485.2
3442,8437,1687.6999999999998
3443,18055,10462.6
3444,3509,1072.4
345,1637,251.8
35,1938,791.7
3506,2716,2155.0
351,133115,141719.5
3513,538,103.80000000000001
3514,245,50.49999999999999
352,6250,1101.2
353,4386,392.20000000000005
354,3029,554.8
3542,1331,434.3
3543,2356,1026.1
355,40938,16952.600000000002
3551,1122,650.5
356,13037,7703.6
3561,3534,1549.8
357,874,195.9
3572,608,142.3
3575,1725,997.1
358,3141,498.70000000000005
3581,702,73.8
3582,624,248.1
359,5240,887.4
36,1191,288.79999999999995
360,9136,1346.2
3603,984,532.1
361,10235,6080.1
3618,2068,594.4
3619,4736,2436.2
362,11388,10630.2
363,17127,5651.2
3633,345,116.1
3637,304,311.4
3638,818,290.4
3640,926,242.6
3661,2132,882.0
3662,247,39.2
3663,478,47.2
3668,3111,1769.9
3669,128,32.0
3670,147,36.8
3672,897,287.9
3673,1954,306.5
3681,168,80.0
3691,68,15.3
3693,150,49.5
3694,377,183.8
3695,126,59.099999999999994
37,1456,265.6
3701,948,327.8
3703,52,18.6
3705,214,84.5
3707,44,10.8
3708,51,17.6
371,54456,30720.9
3711,61,0.0
3712,391,152.8
3713,79,32.2
372,2601,227.70000000000002
3721,3229,1338.1
3722,8043,2474.6000000000004
3723,1463,302.9
3731,2547,374.70000000000005
3732,2722,1367.7
3733,1201,168.6
3734,1340,256.0
3746,1540,599.5999999999999
3752,758,981.0
3762,4638,2489.5
3764,876,296.4
3781,616,258.1
3782,1499,812.7
3783,216,48.3
3784,2197,1589.8
3785,745,184.5
3786,2980,2254.7
3787,5084,6204.1
3788,694,187.0
3789,714,787.0
3790,1054,723.4
3791,1214,577.3
3792,1537,653.0
38,1302,350.7
3805,273,56.400000000000006
3808,148,17.5
381,1540,455.5
3810,110,7.8
382,859,79.19999999999999
3821,785,163.7
3822,1354,469.19999999999993
3823,353,109.19999999999999
383,3596,1589.3
3831,572,206.1
3832,1340,780.5999999999999
3834,2484,775.2
3835,788,426.8
3837,192,95.3
3847,1538,859.0
385,992,191.1
3851,11060,6863.0
386,1501,620.8
3861,622,151.0
3862,215,45.5
3863,1168,288.5
387,5071,1306.6
3871,4476,1755.1
388,1250,188.4
3881,221,38.2
3882,860,442.70000000000005
389,53,6.3
3891,1550,293.1
39,919,179.8
390,1311,166.0
3901,34880,24374.800000000003
391,832,133.1
3911,1998,652.2
392,4169,961.5999999999999
3921,3219,2320.8
3926,523,66.4
393,848,438.8
3932,327,102.9
394,592,100.4
3941,1030,286.0
3945,3301,975.5
3946,2491,556.4
3947,3431,834.7
3951,691,123.8
3952,902,187.4
3953,2835,1440.5
3954,2310,693.5
3955,8854,4916.7
3961,2049,965.8
3962,2627,1072.6
3972,1397,436.1
3981,1800,399.4
3982,2098,883.8999999999999
3983,385,110.8
3985,1216,333.9
3986,1285,448.9
3987,1180,431.7
3988,1147,444.20000000000005
4,3571,794.9000000000001
40,1064,211.8
4001,21036,25621.8
4002,1545,202.1
4003,7911,4244.1
4004,708,228.70000000000002
4005,4091,691.4
4006,7624,1978.6
4007,1584,687.5
4008,6081,994.8
4009,3879,1065.7
401,1089,182.2
4010,7743,3229.1000000000004
4012,9990,3888.3
4013,4102,1753.9
402,589,84.0
4021,19222,23176.4
4022,1549,535.1
4023,2751,871.8
4024,2967,840.4000000000001
4026,3415,565.6
4027,5526,1005.7
4028,1035,78.7
4029,5157,1407.9
403,1054,104.4
4030,1981,548.5
4031,1700,291.0
4032,2114,2350.1000000000004
4033,5369,1290.3
4034,8750,2008.6
4035,3747,531.0
4037,4082,576.4
4038,8663,1468.7
4039,2104,398.79999999999995
404,16295,10518.5
4040,11531,6990.200000000001
4041,2203,720.9000000000001
4042,3031,772.5
4044,7224,2360.7
4045,20535,6660.0
4046,1538,236.5
4047,4618,3097.1
4048,6336,1651.6
4049,4775,566.9
405,2010,371.20000000000005
406,3331,827.2
4061,1868,194.2
4062,4663,1195.0
4063,7742,3378.5
4064,1002,166.8
4065,3891,975.4
4066,976,99.10000000000001
4067,1630,273.0
4068,2448,737.3
407,1589,319.1
4071,2037,453.1
4072,2850,1027.4
4073,1978,321.0
4074,2313,324.5
4075,4489,761.4000000000001
4076,2851,504.4
4077,1519,157.10000000000002
4078,460,52.8
4079,1355,185.6
408,206,110.69999999999999
4080,7210,3263.8
4081,3651,635.6
4082,15824,6123.3
4083,4404,841.9
4084,632,48.5
409,2458,693.0
4091,1584,188.89999999999998
4092,4522,2150.5
4093,695,239.0
4094,740,116.9
4095,11204,6547.4
4096,603,155.7
4097,284,51.3
4099,424,47.8
41,469,63.3
410,287,75.9
4100,3491,937.2
4104,3025,1902.1999999999998
4105,344,40.3
4106,388,63.9
4107,1054,120.69999999999999
411,539,81.80000000000001
4110,1069,211.39999999999998
4111,1486,183.0
4112,869,140.89999999999998
4114,1321,1177.7
4117,824,186.0
412,5909,2377.5
4120,1447,489.4
4121,2043,1357.6
4122,1624,185.3
4123,7492,3750.2
4124,1563,230.39999999999998
4125,2219,932.0999999999999
413,2103,670.0
4131,3117,670.2
4132,1186,167.8
4133,1019,258.5
4134,1213,681.0
4135,2111,752.2
4136,1320,174.0
4137,475,89.19999999999999
4138,772,143.2
4139,6066,1519.6
414,2344,406.2
4140,2684,790.1999999999999
4141,8270,2815.8
4142,841,227.5
4143,1176,271.3
4144,4239,1330.4
4145,1575,250.89999999999998
4146,3027,827.2
4147,1319,446.70000000000005
415,1430,1113.3000000000002
416,134,22.0
4161,2255,1120.9
4163,5319,2850.1000000000004
4164,1019,107.80000000000001
4165,3512,533.0
4166,1471,257.20000000000005
4167,957,135.2
4169,2582,733.1
4170,3569,2341.1
4172,911,409.29999999999995
4173,598,92.8
4175,965,237.5
4176,684,177.7
4177,1564,921.4000000000001
4179,906,93.69999999999999
418,2940,942.0
4181,1255,162.39999999999998
4182,1027,223.70000000000002
4183,1116,172.9
4184,1933,560.7
4191,690,53.8
4192,1390,160.7
4193,738,462.7
4194,2188,845.8
4195,1352,323.3
4196,2061,658.8
4197,872,200.10000000000002
4198,1208,330.1
4199,1178,693.2
42,899,361.6
420,2423,824.2
4200,3954,1470.4
4201,9503,7370.5
4202,2885,790.5999999999999
4203,4394,1154.7
4204,4685,1156.1999999999998
4205,2721,1178.7
4206,5388,1730.0
4207,3071,3080.0
4208,3854,874.0
4209,5127,2223.1
421,81,113.8
4210,3160,381.7
422,161,12.5
4221,997,121.6
4222,1413,148.7
4223,2064,460.6
4224,1110,302.20000000000005
4226,616,87.5
4227,617,168.2
4228,2808,1070.9
4229,1037,202.0
423,206,31.0
4230,1210,182.29999999999998
4231,1310,129.2
4232,199,45.2
4233,354,57.5
4234,3491,1284.8
4235,1096,243.60000000000002
4236,7638,4144.0
4237,1575,271.7
4238,790,109.2
4239,4302,1753.7
424,2022,485.20000000000005
4240,2820,504.5
4251,797,109.30000000000001
4252,5572,4666.2
4253,3932,589.6
4254,10913,3364.8999999999996
4255,1392,154.7
4256,1051,103.30000000000001
4257,357,66.5
4258,13337,6106.099999999999
4259,812,108.2
4260,3215,3137.2
4261,1920,755.5999999999999
4262,1079,144.1
4263,2278,422.6
4264,873,159.9
4271,7854,2659.4
4272,284,109.60000000000001
4273,797,97.6
4274,3882,461.3
4275,853,214.0
4276,4336,1127.0
4277,903,290.4
4279,2920,748.7
4280,13511,4275.5
4281,1269,338.70000000000005
4282,8853,3873.9
4283,3740,1347.4
4284,1109,292.20000000000005
4285,4669,1078.1
4286,1359,263.7
4287,1942,475.5
4288,167,18.2
4289,11560,8024.700000000001
43,341,63.6
4301,275,24.3
4302,170,40.8
4303,3942,1304.0
4304,3864,1719.6000000000001
4305,2584,552.2
4306,458,66.8
4307,880,117.19999999999999
4308,414,59.1
4309,3340,900.7
431,1669,536.2
4310,1632,495.5
4311,1283,1017.0999999999999
4312,2680,749.2
4313,2129,872.0
4314,256,107.6
4315,1003,322.40000000000003
4316,740,137.4
4317,309,35.2
4318,1360,227.6
4319,636,135.2
432,480,77.69999999999999
4320,1204,359.09999999999997
4322,358,125.3
4323,4165,2484.0
433,700,164.7
434,1366,560.0
435,542,179.2
437,116,27.400000000000002
438,1211,367.1
44,657,160.3
4401,14340,5085.5
4406,728,188.5
441,905,199.5
4411,4699,1470.5
4416,1244,564.2
442,195,21.2
4421,2604,899.0999999999999
4426,996,372.3
443,5121,2746.0
4431,3065,1114.3
4436,10803,4351.9
444,1922,1340.6
4441,1457,324.8
4446,549,298.0
445,1266,223.0
4451,1858,287.79999999999995
446,4565,1915.6
4461,13346,4661.4
4471,5947,2718.3
4476,3649,1089.6
448,932,843.1
4486,1920,492.5
449,834,108.1
4495,598,190.29999999999998
450,1919,361.4
4501,3535,847.4
4506,3741,1805.0
4511,2281,977.1
4536,1815,593.4
4545,3767,1366.6999999999998
4546,1665,403.0
4551,8865,2835.6000000000004
4561,2749,747.1
4566,25200,15779.6
4571,4225,1091.2
4590,840,159.8
4591,2692,832.2
4601,995,266.6
4606,1196,250.4
4611,1462,276.1
4616,1079,278.1
4621,1260,445.6
4641,2161,576.8
4643,2188,661.4
4646,3308,843.1
4651,326,104.0
4656,1568,468.5
4666,2465,526.0
4671,21560,9120.699999999999
4681,1285,232.7
4683,1686,673.2
4691,3333,2290.2
4696,4524,2996.2
4701,1049,327.9
4711,2520,1004.0999999999999
4716,1177,218.2
4721,2826,787.6
4723,763,181.10000000000002
4724,4309,1367.1
4726,2686,1062.0
4741,1217,355.5
4746,5377,1906.4
4751,2773,794.6
4756,838,218.89999999999998
4761,7738,2800.1
4776,1596,440.9
4781,4632,1367.1999999999998
4786,2490,402.59999999999997
4791,1133,301.6
4801,884,245.7
4806,1729,418.0
4811,1030,206.5
4816,1537,588.1
4821,1705,543.9
4826,653,324.20000000000005
4831,2939,894.7
4841,1951,525.5
4846,391,118.10000000000001
4851,1288,307.6
4864,3754,1065.9
4871,1661,259.79999999999995
4881,1311,376.3
4891,3308,1156.3999999999999
4901,1338,254.0
491,590,202.2
4911,3751,1132.9
492,1450,329.8
4921,2268,2383.7
493,586,122.1
494,793,494.8
4941,2802,828.3
4946,11288,6970.400000000001
495,936,536.8
4951,2423,780.9
496,3496,1168.6
497,530,95.2
498,1342,876.4
499,571,175.3
5,3687,1217.3
500,426,108.7
5001,4944,2113.8
5002,42901,19750.100000000002
5003,2855,1404.2
5009,384,145.0
501,440,313.3
5010,1448,303.5
5017,2452,1933.6
502,854,123.30000000000001
5048,1850,603.6
5049,1816,431.1
5050,2101,463.30000000000007
5061,1526,805.6
5063,109,40.8
5064,1038,382.5
5071,192,27.4
5072,2978,896.0
5073,879,260.5
5076,340,101.3
5077,780,242.2
5078,424,120.0
5079,1069,464.9
5091,5515,2400.4
5095,175,54.8
5096,495,55.199999999999996
5097,1773,1024.5
51,4087,1544.6000000000001
5102,14,0.0
5105,107,16.6
5108,4568,1222.1
5112,1318,728.1999999999999
5113,16122,10218.900000000001
5115,6612,2661.6000000000004
5117,216,18.5
5118,7268,1386.3000000000002
5120,2686,1147.1000000000001
5121,767,400.6
5125,603,107.9
5129,87,26.5
5131,3040,950.9000000000001
5135,272,31.0
5136,698,162.2
5138,2909,365.1
5141,4518,2318.5
5143,368,24.1
5144,1004,182.60000000000002
5146,305,32.8
5148,1574,1513.9
5149,644,96.2
5151,2648,4428.1
5154,905,164.3
5160,495,65.7
5161,791,119.5
5162,1520,1570.4
5167,2121,632.4
5171,4373,1208.9
5176,2083,779.8
5178,875,767.0
5180,1359,237.89999999999998
5181,546,56.800000000000004
5186,526,850.1
5187,1299,846.4000000000001
5189,1785,1409.8000000000002
5192,63932,45288.1
5193,1594,424.7
5194,1318,4488.0
5195,664,211.79999999999998
5196,6195,1411.5
5197,1457,408.1
5198,1806,595.3
5199,1375,2409.8
52,11616,3458.5
5200,308,43.0
5202,896,665.9
5203,755,185.89999999999998
5205,804,878.9
5206,331,63.8
5207,843,273.1
5208,1466,121.1
5210,4152,2427.6
5212,1884,159.4
5213,813,223.1
5214,1612,733.2
5216,1398,119.8
5219,834,75.2
5221,2212,882.9000000000001
5222,703,79.9
5225,1783,896.4
5226,6603,1058.8999999999999
5227,3066,1464.8
5230,582,34.4
5231,1971,809.4000000000001
5233,382,122.6
5236,4656,1870.0
5237,1414,123.5
5238,4655,2246.7
5242,3385,3474.2
5249,2131,1182.8
5250,8331,8471.6
5251,2892,735.1
5254,15110,13283.5
5257,4597,1274.4
5260,2398,1656.9
5263,2627,720.6
5266,4627,5506.0
5268,3407,391.5
5269,2059,174.8
5281,6176,2550.0
5287,4132,1098.6
53,19611,7948.3
5304,55,41.3
5307,56,21.1
5309,51,10.9
5310,1177,497.6
5315,45,5.0
5317,2592,517.5
5323,569,153.1
5324,1479,337.29999999999995
533,3242,617.0999999999999
535,86,174.2
536,199,42.4
538,4962,861.5
5396,2608,488.9
5397,1183,304.7
5398,5154,1806.1
54,7568,4980.1
540,5710,1468.1999999999998
5401,9961,4900.900000000001
5402,7608,2096.2
5403,395,77.8
5404,440,74.9
5405,1375,267.4
5406,926,253.79999999999998
5407,4172,1115.5
5408,1058,495.8
5409,7503,2018.1
541,422,99.4
5410,1104,273.5
5411,1477,556.1
5412,853,535.1
5413,1625,485.4
5414,5573,2340.1
5415,1058,368.9
5421,1413,362.6
5422,3281,2389.9
5423,509,210.39999999999998
5424,302,35.1
5425,1551,463.9
5426,472,103.4
5427,892,162.1
5428,1951,519.8
5429,458,45.4
543,566,147.7
5430,435,57.8
5431,293,36.6
5432,515,105.39999999999999
5434,992,140.9
5435,688,62.099999999999994
5436,349,28.9
5437,424,27.3
544,3975,4398.2
5451,4166,2205.7
5456,1557,271.2
5458,879,111.6
546,10122,4060.6000000000004
5464,2943,425.0
5471,583,60.800000000000004
5472,372,30.1
5473,980,76.7
5474,422,56.5
5475,143,22.4
5476,296,18.200000000000003
5477,3642,956.5
5478,484,72.4
5479,481,78.4
5480,958,1009.6999999999999
5481,222,45.8
5482,1036,1319.6
5483,316,34.2
5484,901,187.9
5485,408,58.800000000000004
5486,1031,233.6
5487,460,35.8
5488,53,11.899999999999999
5489,709,1638.5
5490,304,34.7
5491,400,47.8
5492,964,200.4
5493,370,78.3
5494,1118,259.4
5495,3247,949.7
5496,1698,605.8
5497,860,430.4
5498,2586,423.9
5499,459,85.9
55,5167,1156.9
5500,242,54.9
5501,976,71.6
5503,1252,331.7
551,6216,2622.1000000000004
5511,1058,309.5
5512,1157,336.9
5513,477,584.0999999999999
5514,1245,194.8
5515,818,96.30000000000001
5516,2730,817.0999999999999
5518,5687,1876.8
552,4253,1463.5
5520,944,134.39999999999998
5521,1120,445.79999999999995
5522,697,128.5
5523,2462,167.5
5527,1075,92.3
5529,562,108.19999999999999
553,98,27.900000000000002
5530,534,132.5
5531,412,90.4
5533,844,197.0
5534,270,70.3
5535,778,234.3
5537,1066,93.39999999999999
5539,988,111.0
554,925,297.1
5540,1694,169.3
5541,1050,204.2
5551,493,96.60000000000001
5552,629,136.9
5553,1028,331.3
5554,961,121.6
5555,381,92.0
5556,427,36.4
5557,200,17.1
5559,412,76.3
556,312,25.1
5560,232,8.8
5561,3316,1214.3
5562,123,16.3
5563,162,16.6
5564,101,12.1
5565,500,84.0
5566,390,110.9
5568,4912,1197.5
557,572,47.5
5571,790,92.60000000000001
5581,3555,375.3
5582,4366,1981.6999999999998
5583,7869,7611.700000000001
5584,9326,2280.8
5585,1447,93.9
5586,137810,93985.8
5587,7888,6681.2
5588,1478,975.1
5589,12063,4945.2
5590,17972,4472.3
5591,20523,10899.9
5592,3345,1134.1
56,9189,2734.7
5601,2253,659.4000000000001
5604,2075,773.9
5606,9891,2324.3
5607,2863,1620.5
5609,358,72.9
561,3370,1789.0
5610,393,50.099999999999994
5611,3312,1164.4
5613,5290,1319.0
562,2232,622.4
5621,521,1337.1
5622,517,356.7
5623,622,70.8
5624,8268,5385.9
5625,370,43.8
5627,7585,2752.9
5628,341,43.1
5629,175,20.7
563,6894,3009.3
5631,767,71.4
5632,1625,784.9000000000001
5633,2738,1158.6
5634,2642,546.6
5635,12342,14019.6
5636,2916,2153.1
5637,1007,641.0
5638,2528,1473.1
5639,787,130.3
564,798,196.79999999999998
5640,645,206.29999999999998
5642,15889,8340.0
5643,5292,1267.3999999999999
5644,371,53.099999999999994
5645,478,384.4
5646,5687,2301.2999999999997
5648,4148,1031.2
5649,1866,2075.3999999999996
565,1283,501.1
5650,199,40.8
5651,845,880.9000000000001
5652,594,64.4
5653,843,101.80000000000001
5654,460,102.1
5655,1382,344.0
566,1124,176.39999999999998
5661,368,59.1
5663,208,24.9
5665,223,39.0
5669,309,39.3
567,3604,971.8
5671,242,52.5
5673,379,44.8
5674,143,20.2
5675,4069,1011.3999999999999
5678,6114,2031.1999999999998
5680,295,53.0
5683,166,24.4
5684,60,4.1
5688,146,15.1
5690,143,13.1
5692,557,146.8
5693,2494,453.9
57,2342,384.0
5701,223,14.399999999999999
5702,2629,283.8
5703,1317,134.1
5704,1884,343.2
5705,900,71.2
5706,1121,72.6
5707,1305,959.6999999999999
5708,938,36.5
5709,1237,133.8
571,1208,368.4
5710,491,519.7
5711,2824,183.60000000000002
5712,3151,681.5
5713,2193,226.7
5714,1201,348.8
5715,1070,211.6
5716,1521,1621.8
5717,3720,657.3
5718,1930,878.4000000000001
5719,1210,245.5
572,2531,557.5999999999999
5720,1020,117.69999999999999
5721,12997,4951.9
5722,380,105.69999999999999
5723,1989,648.0
5724,20272,12893.0
5725,4062,1557.1
5726,1158,139.9
5727,2497,249.39999999999998
5728,542,542.4
5729,1553,124.2
573,3080,1163.7
5730,1446,138.0
5731,1265,167.89999999999998
5732,980,576.4000000000001
574,493,94.9
5741,240,28.299999999999997
5742,291,45.0
5743,630,126.7
5744,1114,1002.8
5745,1057,298.6
5746,940,147.3
5747,188,36.7
5748,258,29.4
5749,4833,1783.8
575,429,55.3
5750,176,21.4
5752,351,65.6
5754,303,35.9
5755,405,57.1
5756,471,88.7
5757,6903,3891.1
5758,159,15.0
5759,196,28.2
576,3818,2372.9
5760,472,62.3
5761,547,127.3
5762,141,27.9
5763,625,138.2
5764,3750,1262.6
5765,492,119.0
5766,562,131.0
577,398,104.8
578,317,91.5
5785,427,49.8
5788,335,32.1
579,650,156.3
5790,449,62.199999999999996
5792,621,79.1
5798,439,75.1
5799,1919,426.1
58,5069,783.6
580,538,192.20000000000002
5803,466,64.6
5804,1542,248.7
5805,5423,1713.3
5806,2815,610.0
581,5673,5136.700000000001
5812,130,15.7
5813,446,66.5
5816,2381,566.8
5817,889,160.0
5819,334,297.50000000000006
582,433,74.7
5821,359,61.400000000000006
5822,9486,5323.599999999999
5827,262,78.19999999999999
5828,131,11.8
5830,423,85.69999999999999
5831,2962,929.7
584,2406,1666.5
5841,3474,1272.0
5842,544,113.9
5843,895,269.5
585,1036,163.8
5851,435,322.4
5852,487,61.300000000000004
5853,768,355.29999999999995
5854,359,108.0
5855,638,74.0
5856,695,91.9
5857,1235,220.2
5858,624,112.10000000000001
5859,2693,348.6
586,227,42.4
5860,1459,247.10000000000002
5861,6168,3680.5
5862,236,70.6
5863,352,77.9
587,4040,844.2
5871,1467,1131.7
5872,4670,4990.9
5873,873,551.9
588,354,21.4
5881,6125,1331.6999999999998
5882,2908,491.5
5883,2220,308.3
5884,3420,1321.7
5885,1488,145.7
5886,26629,10025.800000000001
5888,5126,2106.3
5889,11652,2772.9
589,457,92.89999999999999
5890,19780,11413.6
5891,874,152.9
59,1962,341.6
590,2687,509.69999999999993
5902,368,42.8
5903,230,23.8
5904,547,207.70000000000002
5905,651,179.70000000000002
5907,300,39.8
5908,139,31.5
5909,669,209.5
591,98,19.4
5910,376,42.9
5911,238,37.400000000000006
5912,126,29.4
5913,782,97.69999999999999
5914,351,43.2
5919,616,115.3
592,582,47.3
5921,218,72.8
5922,734,1209.4
5923,186,144.2
5924,292,92.1
5925,201,53.9
5926,760,163.39999999999998
5928,171,26.6
5929,606,68.30000000000001
593,5757,2328.8
5930,199,28.2
5931,445,63.3
5932,210,15.600000000000001
5933,692,72.9
5934,247,32.6
5935,105,12.2
5937,134,13.3
5938,29977,14760.1
5939,3250,759.4
594,2662,943.4000000000001
6,1110,209.0
60,2706,1009.1
6002,13158,7359.299999999999
6004,341,34.0
6007,9951,1608.1000000000001
6008,2077,253.9
6009,309,119.9
6010,891,91.8
6011,78,39.7
602,917,167.6
6021,3076,583.7
6022,3721,743.2
6023,8674,2879.7
6024,6476,1639.0
6025,6135,1236.2
603,1749,547.3
6031,8073,4248.3
6032,182,102.8
6033,755,122.4
6034,3220,986.7
6035,1011,448.9
6036,1942,402.20000000000005
605,1388,269.9
6052,395,153.70000000000002
6054,144,47.6
6056,509,152.0
6057,901,551.7
6058,321,189.60000000000002
606,495,51.3
6061,295,66.6
607,484,36.5
6076,650,297.2
6077,1206,419.7
608,4149,1147.3
6082,3935,726.5
6083,1697,429.29999999999995
6084,1377,285.5
6087,837,165.9
6089,1813,412.0
609,255,46.6
6090,1056,122.60000000000001
61,1025,223.9
610,587,106.89999999999999
6101,764,158.10000000000002
6102,241,54.8
6104,186,29.0
6109,110,6.3
611,937,311.6
6110,3947,1037.9
6111,1433,778.0
6112,123,17.5
6113,1470,699.8
6116,619,112.5
6117,421,53.199999999999996
6118,1965,508.4
6119,1108,370.9
612,5280,2468.6
613,624,184.3
6131,880,67.4
6132,1734,605.5
6133,8622,1654.6
6134,830,157.5
6135,3135,1065.0
6136,17998,10481.1
6137,2305,418.5
6139,3035,923.1
614,1287,362.70000000000005
6140,2541,556.5
6141,5645,1439.2
6142,174,48.2
615,622,85.0
6151,1324,425.2
6152,8863,2326.6
6153,17573,9176.1
6154,3937,641.3000000000001
6155,905,143.7
6156,4568,676.9
6157,1902,389.4
6158,2594,799.5
6159,4052,1309.1
616,12396,5045.1
617,612,83.0
6172,30,4.8
6173,932,238.4
6177,432,114.7
6181,488,314.7
619,3496,1386.5
6191,622,76.0
6192,293,42.199999999999996
6193,728,109.60000000000001
6194,443,59.8
6195,250,60.2
6197,340,83.5
6198,696,68.6
6199,1936,860.1999999999999
62,19086,30635.6
620,727,226.1
6201,412,101.0
6202,570,145.2
6203,681,243.0
6204,1565,765.4
6205,442,447.5
6211,750,67.6
6212,911,113.69999999999999
6213,1234,570.4
6214,419,67.8
6215,1823,246.09999999999997
6217,4566,1431.1999999999998
6218,1394,203.60000000000002
6219,1881,577.7
622,654,143.2
6220,735,59.2
623,2994,931.8
6232,3466,748.8
6235,1615,396.0
6238,2415,336.79999999999995
6239,566,100.2
6240,4047,1289.6
6241,1354,156.60000000000002
6246,2263,456.70000000000005
6248,16817,8665.2
6249,1251,132.7
6250,1804,113.1
6252,2719,1071.2
6253,10711,3578.6
626,1799,643.5
6261,1219,106.69999999999999
6263,3279,513.4
6265,7532,1132.5
6266,34353,26423.0
6267,611,180.8
627,11473,2978.3999999999996
628,1637,336.7
6281,1308,99.2
6282,201,19.0
6283,300,24.299999999999997
6285,1313,400.5
6286,661,276.9
6287,444,73.4
6288,386,118.89999999999999
6289,366,73.1
629,318,45.6
6290,1636,1203.1
6291,1023,385.3
6292,2265,964.7
6293,1119,275.8
6294,558,47.0
6295,1237,183.39999999999998
6296,471,84.10000000000001
6297,7726,7983.0
6298,1363,348.9
6299,280,27.2
63,2210,249.39999999999998
630,577,157.9
6300,5714,5684.299999999999
632,4233,917.0
64,5600,752.9
6404,5846,2999.7
6407,4732,1097.2
6408,4777,1685.3
6412,5926,1494.1000000000001
6413,1237,150.6
6416,8986,1980.8
6421,38965,20515.7
6422,205,36.7
6423,958,266.8
6431,1041,672.7
6432,632,230.79999999999998
6433,268,87.5
6434,329,88.30000000000001
6435,499,76.3
6436,10433,6887.6
6437,1294,381.2
6451,1594,696.4
6452,1921,990.6
6453,274,29.5
6454,2639,482.29999999999995
6455,4559,941.0999999999999
6456,965,198.60000000000002
6458,33772,23952.5
6459,3232,1090.0
6461,4967,3785.7
6485,506,81.3
6487,16832,5478.5
65,1069,160.8
6504,454,238.8
6511,706,164.29999999999998
6512,10950,4381.7
66,19599,15666.800000000001
6601,1163,316.79999999999995
6602,2495,280.1
6603,1761,140.8
6604,1405,141.5
6605,2244,401.7
6606,3348,1082.4
6607,10045,2043.4
6608,21868,20705.1
6609,894,240.3
661,49,10.3
6610,766,68.7
6611,1647,95.9
6612,11489,3746.5
6613,8559,2380.4
6614,1115,106.3
6615,1671,151.10000000000002
6616,8067,3311.8999999999996
6617,5461,1604.6000000000001
6618,4587,760.5
6619,2029,249.7
662,1262,278.4
6620,1782,494.5
6621,198979,146620.1
6622,2721,698.9000000000001
6623,12075,9796.0
6624,483,77.2
6625,1014,129.8
6626,1264,281.20000000000005
6627,654,80.0
6628,31661,16515.9
6629,2146,679.7
663,1218,431.3
6630,23044,18808.6
6631,18825,3475.0
6632,3028,1450.3000000000002
6633,10571,12878.599999999999
6634,3794,552.0
6635,649,155.20000000000002
6636,2345,925.5
6637,540,105.6
6638,4102,7919.699999999999
6639,767,119.5
664,309,120.9
6640,13906,4939.0
6641,2274,441.8
6642,2521,401.20000000000005
6643,34983,16635.3
6644,13247,3544.5
6645,11535,1749.0
665,247,71.5
666,421,61.6
667,3125,907.6
668,2843,1040.1
669,495,174.4
67,4400,1097.8000000000002
670,5436,1406.8
6702,916,325.59999999999997
6703,267,69.6
6704,483,47.2
6706,444,111.7
6708,2882,581.3
6709,3256,622.5
671,372,52.7
6710,2547,715.9000000000001
6711,12562,10111.7
6712,1408,464.7
6713,112,19.0
6715,490,39.0
6716,112,11.1
6718,391,52.0
6719,344,65.69999999999999
6720,379,103.80000000000001
6721,653,146.2
6722,249,63.99999999999999
6724,462,89.8
6729,6908,2516.6
6730,3106,633.7
6741,314,78.6
6742,1219,392.9
6743,1511,918.2
6744,100,19.0
6745,142,24.0
6748,502,332.0
6750,669,155.2
6751,629,142.2
6753,504,136.8
6754,1845,1534.4
6757,2556,1310.7
6758,228,49.1
6759,134,33.5
6771,1817,976.1
6773,127,23.6
6774,1205,1348.9
6775,665,284.1
6778,685,201.1
6781,732,101.8
6782,1050,363.9
6783,293,129.6
6784,2295,772.4
6785,761,193.89999999999998
6787,178,31.4
6789,365,101.5
6790,1686,160.7
6792,397,70.89999999999999
6793,182,36.5
68,2814,416.4
6800,6876,4866.3
6806,557,186.9
6807,1225,325.8
6808,1321,454.1
6809,1098,576.9
681,302,64.8
6810,1212,304.0
683,159,15.1
687,203,45.0
69,15934,16823.6
690,1408,555.5
691,532,195.2
692,389,104.7
694,387,43.3
696,326,161.4
7,2168,384.2
70,562,50.3
700,7586,3040.2
701,450,52.9
703,2347,663.8
704,210,35.5
706,616,279.5
707,157,12.3
708,37,15.6
709,65,25.1
71,1372,377.0
711,285,46.3
713,3597,1147.5
715,43,14.0
716,410,122.70000000000002
717,4032,1406.6
72,4391,673.5
723,3693,1172.5
724,740,106.1
726,2050,274.7
731,2011,261.6
732,1619,207.2
733,4283,2465.9
734,438,49.0
735,326,50.400000000000006
736,413,47.9
737,312,49.8
738,676,78.0
739,4015,562.5
740,550,104.7
741,405,25.5
742,858,100.0
743,6891,2340.7
744,2727,529.0999999999999
745,3532,786.4000000000001
746,1912,442.0
747,451,97.9
748,673,118.8
749,3256,1377.8
750,1390,429.2
751,2805,886.6999999999999
754,981,180.8
755,2259,600.1
756,1154,257.4
761,851,222.0
762,2175,886.1999999999999
763,1718,483.70000000000005
766,799,221.70000000000002
767,988,166.5
768,12713,4258.200000000001
769,2463,998.5
770,992,121.2
782,267,132.3
783,1193,666.5
784,1087,472.09999999999997
785,4692,2054.8
786,585,442.40000000000003
791,1294,327.8
792,2358,1280.9
793,1325,491.8
794,3035,1305.2
8,626,107.1
81,605,189.0
82,1327,209.79999999999998
83,6359,1951.1999999999998
84,4080,2258.7
841,981,278.4
842,835,255.8
843,6882,5249.9
85,1884,376.1
852,1586,359.90000000000003
853,1617,282.9
855,6887,2406.5
86,5992,3179.1000000000004
861,11534,3936.8
863,1070,284.1
866,1193,198.5
867,855,97.4
868,270,72.6
869,1066,104.9
87,920,83.30000000000001
870,4258,706.0
872,1812,219.8
873,280,45.6
874,229,31.3
876,1385,224.7
877,474,93.2
879,2456,1216.3
88,3128,445.6
880,1819,425.79999999999995
881,434,83.1
883,2194,467.6
884,2553,361.3
885,1959,181.2
886,2869,752.7
888,1183,466.29999999999995
89,4914,1078.1999999999998
9,4861,1142.3
90,9195,1769.6000000000001
901,2458,895.3
902,9241,4438.3
903,2604,1013.4
904,1183,369.1
905,2369,591.8
906,909,375.3
907,2737,716.5999999999999
908,1350,429.0
909,1448,759.6999999999999
91,2930,606.2
92,6981,1371.4
921,802,89.9
922,1209,259.7
923,1544,337.7
924,492,105.10000000000001
925,802,123.5
927,691,414.2
928,6691,1815.1
929,4077,629.1
93,1786,215.39999999999998
931,511,95.6
932,236,69.9
934,2423,523.0
935,475,181.2
936,257,32.4
937,247,34.7
938,4759,1305.1
939,15783,4787.7
94,2837,1971.2
940,156,48.1
941,2426,301.4
942,43568,21338.2
943,667,115.10000000000001
944,6006,2597.8999999999996
945,973,236.0
946,233,50.5
947,319,62.2
948,781,120.7
95,472,144.8
951,1133,369.4
952,1061,250.3
953,1407,290.5
954,4835,2362.7000000000003
955,4092,1201.1
956,3202,982.5
957,5021,2164.7
958,971,220.6
959,546,135.4
96,18191,8653.5
960,1146,389.29999999999995
97,8026,5129.5
971,1428,234.39999999999998
972,43,27.9
973,645,81.50000000000001
975,208,37.6
976,335,40.9
977,1099,120.10000000000001
979,6998,2909.3
98,726,87.0
980,617,89.1
981,4647,2328.3
982,1694,719.6999999999999
983,1701,660.5
985,561,108.7
987,479,46.5
988,1573,321.6
989,1117,261.4
99,1394,249.1
990,211,57.0
991,594,74.8
992,2305,934.8000000000001
993,426,79.7
995,2325,891.9
996,184,24.200000000000003
